[{"model": "auth.permission", "pk": 1, "fields": {"name": "Can add log entry", "content_type": 1, "codename": "add_logentry"}}, {"model": "auth.permission", "pk": 2, "fields": {"name": "Can change log entry", "content_type": 1, "codename": "change_logentry"}}, {"model": "auth.permission", "pk": 3, "fields": {"name": "Can delete log entry", "content_type": 1, "codename": "delete_logentry"}}, {"model": "auth.permission", "pk": 4, "fields": {"name": "Can add group", "content_type": 2, "codename": "add_group"}}, {"model": "auth.permission", "pk": 5, "fields": {"name": "Can change group", "content_type": 2, "codename": "change_group"}}, {"model": "auth.permission", "pk": 6, "fields": {"name": "Can delete group", "content_type": 2, "codename": "delete_group"}}, {"model": "auth.permission", "pk": 7, "fields": {"name": "Can add permission", "content_type": 3, "codename": "add_permission"}}, {"model": "auth.permission", "pk": 8, "fields": {"name": "Can change permission", "content_type": 3, "codename": "change_permission"}}, {"model": "auth.permission", "pk": 9, "fields": {"name": "Can delete permission", "content_type": 3, "codename": "delete_permission"}}, {"model": "auth.permission", "pk": 10, "fields": {"name": "Can add content type", "content_type": 4, "codename": "add_contenttype"}}, {"model": "auth.permission", "pk": 11, "fields": {"name": "Can change content type", "content_type": 4, "codename": "change_contenttype"}}, {"model": "auth.permission", "pk": 12, "fields": {"name": "Can delete content type", "content_type": 4, "codename": "delete_contenttype"}}, {"model": "auth.permission", "pk": 13, "fields": {"name": "Can add session", "content_type": 5, "codename": "add_session"}}, {"model": "auth.permission", "pk": 14, "fields": {"name": "Can change session", "content_type": 5, "codename": "change_session"}}, {"model": "auth.permission", "pk": 15, "fields": {"name": "Can delete session", "content_type": 5, "codename": "delete_session"}}, {"model": "auth.permission", "pk": 16, "fields": {"name": "Can add product category", "content_type": 6, "codename": "add_productcategory"}}, {"model": "auth.permission", "pk": 17, "fields": {"name": "Can change product category", "content_type": 6, "codename": "change_productcategory"}}, {"model": "auth.permission", "pk": 18, "fields": {"name": "Can delete product category", "content_type": 6, "codename": "delete_productcategory"}}, {"model": "auth.permission", "pk": 19, "fields": {"name": "Can add product", "content_type": 7, "codename": "add_product"}}, {"model": "auth.permission", "pk": 20, "fields": {"name": "Can change product", "content_type": 7, "codename": "change_product"}}, {"model": "auth.permission", "pk": 21, "fields": {"name": "Can delete product", "content_type": 7, "codename": "delete_product"}}, {"model": "auth.permission", "pk": 22, "fields": {"name": "Can add user", "content_type": 8, "codename": "add_shopuser"}}, {"model": "auth.permission", "pk": 23, "fields": {"name": "Can change user", "content_type": 8, "codename": "change_shopuser"}}, {"model": "auth.permission", "pk": 24, "fields": {"name": "Can delete user", "content_type": 8, "codename": "delete_shopuser"}}, {"model": "auth.permission", "pk": 25, "fields": {"name": "Can add basket", "content_type": 9, "codename": "add_basket"}}, {"model": "auth.permission", "pk": 26, "fields": {"name": "Can change basket", "content_type": 9, "codename": "change_basket"}}, {"model": "auth.permission", "pk": 27, "fields": {"name": "Can delete basket", "content_type": 9, "codename": "delete_basket"}}, {"model": "auth.permission", "pk": 28, "fields": {"name": "Can view log entry", "content_type": 1, "codename": "view_logentry"}}, {"model": "auth.permission", "pk": 29, "fields": {"name": "Can view permission", "content_type": 3, "codename": "view_permission"}}, {"model": "auth.permission", "pk": 30, "fields": {"name": "Can view group", "content_type": 2, "codename": "view_group"}}, {"model": "auth.permission", "pk": 31, "fields": {"name": "Can view content type", "content_type": 4, "codename": "view_contenttype"}}, {"model": "auth.permission", "pk": 32, "fields": {"name": "Can view session", "content_type": 5, "codename": "view_session"}}, {"model": "auth.permission", "pk": 33, "fields": {"name": "Can view product", "content_type": 7, "codename": "view_product"}}, {"model": "auth.permission", "pk": 34, "fields": {"name": "Can view product category", "content_type": 6, "codename": "view_productcategory"}}, {"model": "auth.permission", "pk": 35, "fields": {"name": "Can view user", "content_type": 8, "codename": "view_shopuser"}}, {"model": "auth.permission", "pk": 36, "fields": {"name": "Can view basket", "content_type": 9, "codename": "view_basket"}}, {"model": "auth.permission", "pk": 37, "fields": {"name": "Can add association", "content_type": 10, "codename": "add_association"}}, {"model": "auth.permission", "pk": 38, "fields": {"name": "Can change association", "content_type": 10, "codename": "change_association"}}, {"model": "auth.permission", "pk": 39, "fields": {"name": "Can delete association", "content_type": 10, "codename": "delete_association"}}, {"model": "auth.permission", "pk": 40, "fields": {"name": "Can view association", "content_type": 10, "codename": "view_association"}}, {"model": "auth.permission", "pk": 41, "fields": {"name": "Can add code", "content_type": 11, "codename": "add_code"}}, {"model": "auth.permission", "pk": 42, "fields": {"name": "Can change code", "content_type": 11, "codename": "change_code"}}, {"model": "auth.permission", "pk": 43, "fields": {"name": "Can delete code", "content_type": 11, "codename": "delete_code"}}, {"model": "auth.permission", "pk": 44, "fields": {"name": "Can view code", "content_type": 11, "codename": "view_code"}}, {"model": "auth.permission", "pk": 45, "fields": {"name": "Can add nonce", "content_type": 12, "codename": "add_nonce"}}, {"model": "auth.permission", "pk": 46, "fields": {"name": "Can change nonce", "content_type": 12, "codename": "change_nonce"}}, {"model": "auth.permission", "pk": 47, "fields": {"name": "Can delete nonce", "content_type": 12, "codename": "delete_nonce"}}, {"model": "auth.permission", "pk": 48, "fields": {"name": "Can view nonce", "content_type": 12, "codename": "view_nonce"}}, {"model": "auth.permission", "pk": 49, "fields": {"name": "Can add user social auth", "content_type": 13, "codename": "add_usersocialauth"}}, {"model": "auth.permission", "pk": 50, "fields": {"name": "Can change user social auth", "content_type": 13, "codename": "change_usersocialauth"}}, {"model": "auth.permission", "pk": 51, "fields": {"name": "Can delete user social auth", "content_type": 13, "codename": "delete_usersocialauth"}}, {"model": "auth.permission", "pk": 52, "fields": {"name": "Can view user social auth", "content_type": 13, "codename": "view_usersocialauth"}}, {"model": "auth.permission", "pk": 53, "fields": {"name": "Can add partial", "content_type": 14, "codename": "add_partial"}}, {"model": "auth.permission", "pk": 54, "fields": {"name": "Can change partial", "content_type": 14, "codename": "change_partial"}}, {"model": "auth.permission", "pk": 55, "fields": {"name": "Can delete partial", "content_type": 14, "codename": "delete_partial"}}, {"model": "auth.permission", "pk": 56, "fields": {"name": "Can view partial", "content_type": 14, "codename": "view_partial"}}, {"model": "auth.permission", "pk": 57, "fields": {"name": "Can add shop user profile", "content_type": 15, "codename": "add_shopuserprofile"}}, {"model": "auth.permission", "pk": 58, "fields": {"name": "Can change shop user profile", "content_type": 15, "codename": "change_shopuserprofile"}}, {"model": "auth.permission", "pk": 59, "fields": {"name": "Can delete shop user profile", "content_type": 15, "codename": "delete_shopuserprofile"}}, {"model": "auth.permission", "pk": 60, "fields": {"name": "Can view shop user profile", "content_type": 15, "codename": "view_shopuserprofile"}}, {"model": "auth.permission", "pk": 61, "fields": {"name": "Can add order", "content_type": 16, "codename": "add_order"}}, {"model": "auth.permission", "pk": 62, "fields": {"name": "Can change order", "content_type": 16, "codename": "change_order"}}, {"model": "auth.permission", "pk": 63, "fields": {"name": "Can delete order", "content_type": 16, "codename": "delete_order"}}, {"model": "auth.permission", "pk": 64, "fields": {"name": "Can view order", "content_type": 16, "codename": "view_order"}}, {"model": "auth.permission", "pk": 65, "fields": {"name": "Can add order item", "content_type": 17, "codename": "add_orderitem"}}, {"model": "auth.permission", "pk": 66, "fields": {"name": "Can change order item", "content_type": 17, "codename": "change_orderitem"}}, {"model": "auth.permission", "pk": 67, "fields": {"name": "Can delete order item", "content_type": 17, "codename": "delete_orderitem"}}, {"model": "auth.permission", "pk": 68, "fields": {"name": "Can view order item", "content_type": 17, "codename": "view_orderitem"}}, {"model": "auth.permission", "pk": 69, "fields": {"name": "Can add product form", "content_type": 18, "codename": "add_productform"}}, {"model": "auth.permission", "pk": 70, "fields": {"name": "Can change product form", "content_type": 18, "codename": "change_productform"}}, {"model": "auth.permission", "pk": 71, "fields": {"name": "Can delete product form", "content_type": 18, "codename": "delete_productform"}}, {"model": "auth.permission", "pk": 72, "fields": {"name": "Can view product form", "content_type": 18, "codename": "view_productform"}}, {"model": "contenttypes.contenttype", "pk": 1, "fields": {"app_label": "admin", "model": "logentry"}}, {"model": "contenttypes.contenttype", "pk": 2, "fields": {"app_label": "auth", "model": "group"}}, {"model": "contenttypes.contenttype", "pk": 3, "fields": {"app_label": "auth", "model": "permission"}}, {"model": "contenttypes.contenttype", "pk": 4, "fields": {"app_label": "contenttypes", "model": "contenttype"}}, {"model": "contenttypes.contenttype", "pk": 5, "fields": {"app_label": "sessions", "model": "session"}}, {"model": "contenttypes.contenttype", "pk": 6, "fields": {"app_label": "mainapp", "model": "productcategory"}}, {"model": "contenttypes.contenttype", "pk": 7, "fields": {"app_label": "mainapp", "model": "product"}}, {"model": "contenttypes.contenttype", "pk": 8, "fields": {"app_label": "authapp", "model": "shopuser"}}, {"model": "contenttypes.contenttype", "pk": 9, "fields": {"app_label": "basketapp", "model": "basket"}}, {"model": "contenttypes.contenttype", "pk": 10, "fields": {"app_label": "social_django", "model": "association"}}, {"model": "contenttypes.contenttype", "pk": 11, "fields": {"app_label": "social_django", "model": "code"}}, {"model": "contenttypes.contenttype", "pk": 12, "fields": {"app_label": "social_django", "model": "nonce"}}, {"model": "contenttypes.contenttype", "pk": 13, "fields": {"app_label": "social_django", "model": "usersocialauth"}}, {"model": "contenttypes.contenttype", "pk": 14, "fields": {"app_label": "social_django", "model": "partial"}}, {"model": "contenttypes.contenttype", "pk": 15, "fields": {"app_label": "authapp", "model": "shopuserprofile"}}, {"model": "contenttypes.contenttype", "pk": 16, "fields": {"app_label": "ordersapp", "model": "order"}}, {"model": "contenttypes.contenttype", "pk": 17, "fields": {"app_label": "ordersapp", "model": "orderitem"}}, {"model": "contenttypes.contenttype", "pk": 18, "fields": {"app_label": "adminapp", "model": "productform"}}, {"model": "sessions.session", "pk": "5rktsffzki9b6lp96ny7ii5t7l0e6wse", "fields": {"session_data": "YzU2MWQyOGQ4MjA3MGYxYjI0ODA0ZDk2MmFhOTE1MTQwYWM0YWEyODp7Il9hdXRoX3VzZXJfaWQiOiIxIiwiX2F1dGhfdXNlcl9iYWNrZW5kIjoiZGphbmdvLmNvbnRyaWIuYXV0aC5iYWNrZW5kcy5Nb2RlbEJhY2tlbmQiLCJfYXV0aF91c2VyX2hhc2giOiIzNWRkM2ZjNWU1YmM0MTYwNmNlMjg1ZDI5NTJmZmEzN2FlMzFjNGY2In0=", "expire_date": "2020-05-18T17:08:56.966Z"}}, {"model": "sessions.session", "pk": "7f24rpyl1rrif4ak87p3as3p2g9oacqu", "fields": {"session_data": ".eJxVj1FrwyAUhf-Lz12qUaP2betDoaXZw2hhe5Ebo00wjRBtKBv770tGGOvrd_nOOfcL9fae0Aat0QqN_inALTW5jgmSnWhVvp_EuHfms96xl9J_0DziIR3ttg9vIV0nSc-GvkU76LaelBw_wgqMt_18icG00GkTBpstNGajz86H1-e59dFrIDaTVHBGamCOUikL7CQQRY0qiooRyoADdpgKzI1RBDuuBANSWSokU4ITsPOYpfc3uoOYdBcubf9v2N_f6PsHnbpYgw:1lxqKr:qL_FGh1Gi5nnq71Ke82TbgUAppSjguGlhDL7YKv8F9o", "expire_date": "2021-07-12T12:25:57.291Z"}}, {"model": "sessions.session", "pk": "8fkr3jc1smd7rc42ymkdbh8api1n9r4w", "fields": {"session_data": "YTUxNDVhMjFmM2JkMGQ1NjMzOTZjMTQ5MTkzYWZmOTkxYzdhZmM3MDp7Il9hdXRoX3VzZXJfaWQiOiIxIiwiX2F1dGhfdXNlcl9oYXNoIjoiNzRhYzZmYmZmZTQ0MjI0MGZlMjQxOGRkMGM5YjdkY2Y3ODU5ODNiNiIsIl9hdXRoX3VzZXJfYmFja2VuZCI6ImRqYW5nby5jb250cmliLmF1dGguYmFja2VuZHMuTW9kZWxCYWNrZW5kIn0=", "expire_date": "2017-11-01T19:51:52.681Z"}}, {"model": "sessions.session", "pk": "bgwam559scaidnk7ydrnr4upyedepokj", "fields": {"session_data": ".eJxVjDsOwjAQBe_iGlm2N_5R0nMGa9cfHEC2FCcV4u4QKQW0b2beiwXc1hq2kZcwJ3Zmjp1-N8L4yG0H6Y7t1nnsbV1m4rvCDzr4taf8vBzu30HFUb91KX4qGnPEaIBIAZUJRAKhHDkXDXplyUeBxqD0mJ1w2gqhpVQWwQN7fwADAjed:1m0qgq:uhhrDummNY20NlG4HehQWuAJDrln6kFV02_N0ht8ZG4", "expire_date": "2021-07-20T19:25:04.497Z"}}, {"model": "sessions.session", "pk": "bsu9tu3h4q4lbgs7zruahqxrhhy4sd83", "fields": {"session_data": "OWU3NzBiZWZiYWNjYzBlZmQ0M2VkNjk4ZDk5ZWYyZGNjYjAwMGQ0Njp7Il9hdXRoX3VzZXJfYmFja2VuZCI6ImRqYW5nby5jb250cmliLmF1dGguYmFja2VuZHMuTW9kZWxCYWNrZW5kIiwiX2F1dGhfdXNlcl9pZCI6IjEiLCJfYXV0aF91c2VyX2hhc2giOiI3NGFjNmZiZmZlNDQyMjQwZmUyNDE4ZGQwYzliN2RjZjc4NTk4M2I2In0=", "expire_date": "2017-11-04T09:38:15.540Z"}}, {"model": "sessions.session", "pk": "eqsvce34zihnspqgzo6phmznp3b6nzt9", "fields": {"session_data": ".eJxVjEEOwiAQRe_C2hCGdlpw6b5naGYYkKopSWlXxrsbki50-997_61mOvY8HzVu8yLqqsCoy-_IFJ5xbUQetN6LDmXdt4V1U_RJq56KxNftdP8OMtXc6uQ6EHAWu4HYiRl8QhlDH8BaQz6gZQ-AI4bkmZLDnskS8sDQRWH1-QIAEjhV:1ltwX3:IINwKPT-d13kmXT52nRW_DfICrC4lZVoi9z93s4lNUg", "expire_date": "2021-07-01T18:14:25.654Z"}}, {"model": "sessions.session", "pk": "i8nho8hy29unznclq7y21ahi85zal9w2", "fields": {"session_data": ".eJxVjEEOwiAQRe_C2hCGdlpw6b5naGYYkKopSWlXxrsbki50-997_61mOvY8HzVu8yLqqsCoy-_IFJ5xbUQetN6LDmXdt4V1U_RJq56KxNftdP8OMtXc6uQ6EHAWu4HYiRl8QhlDH8BaQz6gZQ-AI4bkmZLDnskS8sDQRWH1-QIAEjhV:1m6WkY:WAmI_WJ3emVUlraGcehrbD968czyupYe0Cd2UvwUoZg", "expire_date": "2021-08-05T11:20:22.073Z"}}, {"model": "sessions.session", "pk": "jehthnnab3wl16zk99bo3tmbkaa6vkru", "fields": {"session_data": ".eJxVj8FqwzAQRP9F58aVopUs5ZZSaEtLGnzoIRexVuRY2LEgkt2U0n-PXUxIrm95M7O_pHPnRFbkkTyQoVkE7FO9NDFhciOFj58nddw5eC2heGPdWod26w_Fy_fRb569HCUzGaaP7mT8flSW9B6WaBvXTZcYrMfW2HBy2UxjNjTZ1_vnemq992qM9ShJAWyPUHGulKSVQqa51VKWwDigQFpRnlNhrWa0EjoHZKXjuQKdC4ZuGjP3_ke3GJNpw8F3N8Ouf5O_C_wmV8s:1lxqKp:gYptUCGxxN5EEiCKkSVO0nHcD5r-T8XBKcEfcEM22mI", "expire_date": "2021-07-12T12:25:55.158Z"}}, {"model": "sessions.session", "pk": "lcw9z2th08vjsjm7i31jdna5bul6zc13", "fields": {"session_data": ".eJxVj8tugzAQRf_F64Ta-IGdXUXVRo3SbtJurbExhYJwhA1KE_XfA1VUhe0ZnXvvXFDnThFt0ANaobFZexhileoQIbqJuvTppz_zj23-nTfHPSlehDy8-rfOmGdCwU6Sng09BNfrupiUFC-hAdu4br4Eb2totfW9S240JGOTfO7eH-fWpVdBqCZJcEYKYCWlUgpcSiCKWiWEYYQy4IBLTDPMrVUEl1xlDIhxNJNMZZyAm8fcev-iWwhRt_6r7u6G_f-Nfq_8j1fD:1lx7Xp:zDCJKwwVkA9dQC6_9RVnAZuo5QxI7oUD2FRBVHl1D7E", "expire_date": "2021-07-10T12:36:21.969Z"}}, {"model": "sessions.session", "pk": "ssrukqvxh5ch5pv25fq9nygjysctfule", "fields": {"session_data": "eyJuZXh0IjoiLyIsInZrLW9hdXRoMl9zdGF0ZSI6ImVFOVhNVXgyM2Y3SkVJcVBZRTdSTFZ4aU5RVDlyMndkIn0:1lw2HY:_8c2bveckRatIQUA1ut-8_f_Ru2HmcfIlRGuhfC7MyA", "expire_date": "2021-07-07T12:47:04.187Z"}}, {"model": "sessions.session", "pk": "tmesctfrv806fpc8bfecfogrql2u5e5h", "fields": {"session_data": "ZmE4OThlZDdlYzU1M2MxNzI1Yzg4M2FkOGNkM2ZlOTBjMDM4ZjIyNDp7Il9hdXRoX3VzZXJfaWQiOiIxIiwiX2F1dGhfdXNlcl9iYWNrZW5kIjoiZGphbmdvLmNvbnRyaWIuYXV0aC5iYWNrZW5kcy5Nb2RlbEJhY2tlbmQiLCJfYXV0aF91c2VyX2hhc2giOiI3NGFjNmZiZmZlNDQyMjQwZmUyNDE4ZGQwYzliN2RjZjc4NTk4M2I2In0=", "expire_date": "2017-11-01T12:54:45.937Z"}}, {"model": "sessions.session", "pk": "x9rmh4ey8hn9ytrbhdvo5953ya9vtz99", "fields": {"session_data": ".eJxVj8FqwzAQRP9F58aVopUs5ZZSaEtLGnzoIRexVuRY2LEgkt2U0n-PXUxIrm95M7O_pHPnRFbkkTyQoVkE7FO9NDFhciOFj58nddw5eC2heGPdWod26w_Fy_fRb569HCUzGaaP7mT8flSW9B6WaBvXTZcYrMfW2HBy2UxjNjTZ1_vnemq992qM9ShJAWyPUHGulKSVQqa51VKWwDigQFpRnlNhrWa0EjoHZKXjuQKdC4ZuGjP3_ke3GJNpw8F3N8Ouf5O_C_wmV8s:1lxqKq:IQrKUjdh8ssvOENlyZW1mKDKlj_nZDlaIstVuI5yE9g", "expire_date": "2021-07-12T12:25:56.255Z"}}, {"model": "mainapp.productcategory", "pk": 1, "fields": {"name": "дом", "description": "отличная мебель для домашнего интерьера.", "is_active": true}}, {"model": "mainapp.productcategory", "pk": 2, "fields": {"name": "офис", "description": "стильная и надежная офисная мебель нового поколения. 2017 модельный год", "is_active": true}}, {"model": "mainapp.productcategory", "pk": 3, "fields": {"name": "модерн", "description": "мебель в стиле МОДЕРН подойдет для любого интерьера. И для вашего", "is_active": true}}, {"model": "mainapp.productcategory", "pk": 4, "fields": {"name": "классика", "description": "классический стиль актуален в любые времена.", "is_active": true}}, {"model": "mainapp.productcategory", "pk": 5, "fields": {"name": "товары для кухни", "description": "полезное для кухни 2017", "is_active": true}}, {"model": "mainapp.productcategory", "pk": 6, "fields": {"name": "Новинки", "description": "Товары добавленные в каталог не ранее 3-х месяцев", "is_active": true}}, {"model": "mainapp.product", "pk": 1, "fields": {"category": 1, "name": "комфорт 1", "image": "products_images/product-1.jpg", "short_desc": "комфортный стул", "description": "подойдет для просмотра фильмов", "price": "2989.50", "quantity": 4, "is_active": true}}, {"model": "mainapp.product", "pk": 2, "fields": {"category": 1, "name": "комфорт 2", "image": "products_images/product-2.jpg", "short_desc": "очень комфортный стул", "description": "подойдет для общения с друзьями", "price": "3687.20", "quantity": 19, "is_active": true}}, {"model": "mainapp.product", "pk": 3, "fields": {"category": 1, "name": "люкс", "image": "products_images/product-3.jpg", "short_desc": "использованы премиальные материалы", "description": "для тех, кто стремится к лучшему", "price": "8157.99", "quantity": 1, "is_active": true}}, {"model": "mainapp.product", "pk": 4, "fields": {"category": 1, "name": "люкс 2", "image": "products_images/product-4.jpg", "short_desc": "использованы премиальные материалы", "description": "для тех, кто стремится к лучшему", "price": "9157.99", "quantity": 5, "is_active": true}}, {"model": "mainapp.product", "pk": 5, "fields": {"category": 1, "name": "люкс 3", "image": "products_images/product-5.jpg", "short_desc": "использованы премиальные материалы", "description": "для тех, кто стремится к лучшему", "price": "10157.99", "quantity": 3, "is_active": true}}, {"model": "mainapp.product", "pk": 6, "fields": {"category": 2, "name": "стандарт", "image": "products_images/product-6.jpg", "short_desc": "универсальное решение 2017 года", "description": "подойдет для любого офиса. отличные характеристики", "price": "1895.25", "quantity": 27, "is_active": true}}, {"model": "mainapp.product", "pk": 7, "fields": {"category": 2, "name": "премиум", "image": "products_images/product-7.jpg", "short_desc": "улучшенный дизайн", "description": "идеально впишется в строгий интерьер офиса", "price": "3587.41", "quantity": 9, "is_active": true}}, {"model": "mainapp.product", "pk": 8, "fields": {"category": 2, "name": "премиум 2", "image": "products_images/product-8.jpg", "short_desc": "улучшенный дизайн", "description": "идеально впишется в строгий интерьер офиса", "price": "4587.41", "quantity": 8, "is_active": true}}, {"model": "mainapp.product", "pk": 9, "fields": {"category": 3, "name": "новинка", "image": "products_images/product-9.jpg", "short_desc": "инновационный дизайн", "description": "нестандартное решение для современного интерьера", "price": "5361.47", "quantity": 18, "is_active": true}}, {"model": "mainapp.product", "pk": 10, "fields": {"category": 3, "name": "прогресс", "image": "products_images/product-10.jpg", "short_desc": "прогрессивный дизайн", "description": "функциональное и комфортное решение", "price": "6789.33", "quantity": 1, "is_active": true}}, {"model": "mainapp.product", "pk": 11, "fields": {"category": 3, "name": "прогресс 2", "image": "products_images/product-11.jpg", "short_desc": "прогрессивный дизайн", "description": "функциональное и комфортное решение", "price": "7789.33", "quantity": 1, "is_active": true}}, {"model": "mainapp.product", "pk": 12, "fields": {"category": 3, "name": "прогресс 3", "image": "products_images/product-12.jpg", "short_desc": "прогрессивный дизайн", "description": "функциональное и комфортное решение", "price": "9789.33", "quantity": 7, "is_active": true}}, {"model": "mainapp.product", "pk": 13, "fields": {"category": 4, "name": "венеция", "image": "products_images/product-13.jpg", "short_desc": "классические формы", "description": "окунитесь в европейский комфорт", "price": "4147.51", "quantity": 4, "is_active": true}}, {"model": "mainapp.product", "pk": 14, "fields": {"category": 4, "name": "тоскана", "image": "products_images/product-14.jpg", "short_desc": "эргономичная спинка", "description": "почувствуйте комфорт и насладитесь цветовой гаммой", "price": "7147.35", "quantity": 18, "is_active": true}}, {"model": "mainapp.product", "pk": 15, "fields": {"category": 4, "name": "рим", "image": "products_images/product-15.jpg", "short_desc": "удачные пропорции", "description": "компактность и функциональность", "price": "8357.77", "quantity": 8, "is_active": true}}, {"model": "mainapp.product", "pk": 16, "fields": {"category": 4, "name": "рим 2", "image": "products_images/product-16.jpg", "short_desc": "удачные пропорции", "description": "компактность и функциональность", "price": "9357.77", "quantity": 7, "is_active": true}}, {"model": "mainapp.product", "pk": 17, "fields": {"category": 4, "name": "рим 3", "image": "products_images/product-17.jpg", "short_desc": "удачные пропорции", "description": "компактность и функциональность", "price": "10357.77", "quantity": 7, "is_active": true}}, {"model": "mainapp.product", "pk": 18, "fields": {"category": 2, "name": "офисный стул 4", "image": "", "short_desc": "удлиненная спинка", "description": "для людей высокого роста", "price": "1897.44", "quantity": 18, "is_active": false}}, {"model": "mainapp.product", "pk": 19, "fields": {"category": 6, "name": "Хлебница", "image": "products_images/product-18_0xb8Vgn.jpg", "short_desc": "Хлебница из натурального дерева", "description": "Изготовлена из массива бука, покрыта прозрачным акриловым лаком. Прекрасно сохраняет свежеть хлеба поддерживая необходимую влажность и препятствуя образованию плесени.", "price": "2763.99", "quantity": 12, "is_active": true}}, {"model": "mainapp.product", "pk": 20, "fields": {"category": 5, "name": "Стеллаж для кухни", "image": "products_images/product-19_tdXqWIJ.jpg", "short_desc": "Стеллаж для хранения из натурального массива", "description": "Стеллаж в классическом стиле станет отличным помощником на любой кухне", "price": "4591.89", "quantity": 4, "is_active": true}}, {"model": "mainapp.product", "pk": 21, "fields": {"category": 6, "name": "Диспенсер для сыпучих продуктов", "image": "products_images/product-20_cktZCuW.jpg", "short_desc": "Диспенсер для сыпучих продуктов настенный", "description": "Предназначен для хранения сыпучих продуктов и имеет в своем составе специальные дозаторы, которые позволяют отсыпать продукт с большой точностью.", "price": "1893.95", "quantity": 7, "is_active": true}}, {"model": "mainapp.product", "pk": 22, "fields": {"category": 5, "name": "Полка для кухни в стиле лофт", "image": "products_images/product-21_dnXLRDw.jpg", "short_desc": "Полка из натурального дерева в стиле лофт", "description": "Отличное дизайнерское решение для современной кухни", "price": "3967.29", "quantity": 5, "is_active": true}}, {"model": "authapp.shopuser", "pk": 1, "fields": {"password": "pbkdf2_sha256$150000$SuhQcYZfne7p$DuEcYVKFxO1oTKYOqzNVMKjUa8GLgo5xDttyVYc7uTM=", "last_login": "2020-05-04T17:08:56.962Z", "is_superuser": true, "username": "django", "first_name": "", "last_name": "", "email": "django@geekshop.local", "is_staff": true, "is_active": true, "date_joined": "2017-10-18T12:46:45.112Z", "avatar": "", "age": 33, "activation_key": "", "activation_key_created": "2021-06-17T18:06:31.004Z", "groups": [], "user_permissions": []}}, {"model": "authapp.shopuser", "pk": 2, "fields": {"password": "pbkdf2_sha256$30000$TibmK0AuZEVN$KOczqCTahCoBw7f6JgV5cDMaytWm7qHpqiNRCcL7vnw=", "last_login": "2017-10-21T09:38:08.255Z", "is_superuser": false, "username": "user1", "first_name": "Пользователь 1", "last_name": "", "email": "user1@geekshop.ru", "is_staff": false, "is_active": true, "date_joined": "2017-10-21T09:35:58.357Z", "avatar": "users_avatars/Jellyfish.jpg", "age": 28, "activation_key": "", "activation_key_created": "2021-06-17T18:06:31.004Z", "groups": [], "user_permissions": []}}, {"model": "authapp.shopuser", "pk": 3, "fields": {"password": "pbkdf2_sha256$30000$yo2DzfanHzWV$ZiZ5mJrH7O7nlWXGRNr9E/H8OATrs+sDcdsu/qX0Tiw=", "last_login": null, "is_superuser": false, "username": "user2", "first_name": "", "last_name": "", "email": "user2@geekshop.ru", "is_staff": false, "is_active": false, "date_joined": "2017-10-21T10:27:36Z", "avatar": "users_avatars/Tulips.jpg", "age": 39, "activation_key": "", "activation_key_created": "2021-06-17T18:06:31.004Z", "groups": [], "user_permissions": []}}, {"model": "authapp.shopuser", "pk": 4, "fields": {"password": "pbkdf2_sha256$30000$J5VHESGhsJQ2$GKCnuIhscf6HLBlxrzwpXtV/o5BbhzBbImsOCXV7Eho=", "last_login": null, "is_superuser": false, "username": "user3", "first_name": "", "last_name": "", "email": "1@1.ru", "is_staff": false, "is_active": false, "date_joined": "2017-10-21T10:29:06.713Z", "avatar": "", "age": 19, "activation_key": "", "activation_key_created": "2021-06-17T18:06:31.004Z", "groups": [], "user_permissions": []}}, {"model": "authapp.shopuser", "pk": 5, "fields": {"password": "pbkdf2_sha256$30000$MtGCYwfLYlHX$m1E3qaaz5vb6azqPE5zI8hlBJOHl7vuecebnMLDO6SI=", "last_login": null, "is_superuser": false, "username": "user4", "first_name": "", "last_name": "", "email": "1@1.ru", "is_staff": false, "is_active": true, "date_joined": "2017-10-21T10:29:42.107Z", "avatar": "", "age": 19, "activation_key": "", "activation_key_created": "2021-06-17T18:06:31.004Z", "groups": [], "user_permissions": []}}, {"model": "authapp.shopuser", "pk": 6, "fields": {"password": "pbkdf2_sha256$30000$iULsZkzlNJlW$kKb/918Jw3Ba41OTfkOe5KyHogjeXhOAsgIt04ZHoAE=", "last_login": null, "is_superuser": false, "username": "user7", "first_name": "Пользователь 7", "last_name": "", "email": "7@geekshop.ru", "is_staff": false, "is_active": false, "date_joined": "2017-10-21T10:54:15.921Z", "avatar": "users_avatars/Hydrangeas.jpg", "age": 56, "activation_key": "", "activation_key_created": "2021-06-17T18:06:31.004Z", "groups": [], "user_permissions": []}}, {"model": "authapp.shopuser", "pk": 7, "fields": {"password": "pbkdf2_sha256$30000$WvXgdyZ5PfKG$8pT4FzHLw5uT+NOYLgaTkmhHXQdpW0pk6VIDhndReTk=", "last_login": null, "is_superuser": false, "username": "user9", "first_name": "Пользователь 9", "last_name": "", "email": "user9@geekshop.ru", "is_staff": false, "is_active": false, "date_joined": "2017-10-21T11:02:33Z", "avatar": "users_avatars/Chrysanthemum.jpg", "age": 19, "activation_key": "", "activation_key_created": "2021-06-17T18:06:31.004Z", "groups": [], "user_permissions": []}}, {"model": "authapp.shopuser", "pk": 8, "fields": {"password": "pbkdf2_sha256$260000$y1DCrriS5ZyRYmpSoZEVXf$RObqNOHLuTCCwEMCmoJG8efhSv9HBuHNSNVSd83RbdM=", "last_login": "2021-07-21T19:40:50.100Z", "is_superuser": false, "username": "mikeman", "first_name": "Mike Man", "last_name": "", "email": "mikeman@inbox.ru", "is_staff": false, "is_active": true, "date_joined": "2021-06-16T09:44:00.360Z", "avatar": "", "age": 45, "activation_key": "", "activation_key_created": "2021-06-17T18:06:31.004Z", "groups": [], "user_permissions": []}}, {"model": "authapp.shopuser", "pk": 9, "fields": {"password": "pbkdf2_sha256$260000$IGB4AlCuBB0Ad71Jouo4R0$rJAnbaDCN7Xfqm4xCBsLvWcifX4mborE+GGUYqXLj4Q=", "last_login": "2021-06-16T10:35:45.160Z", "is_superuser": true, "username": "mikeger", "first_name": "", "last_name": "", "email": "", "is_staff": true, "is_active": true, "date_joined": "2021-06-16T10:33:45.760Z", "avatar": "", "age": 45, "activation_key": "", "activation_key_created": "2021-06-17T18:06:31.004Z", "groups": [], "user_permissions": []}}, {"model": "authapp.shopuser", "pk": 10, "fields": {"password": "pbkdf2_sha256$260000$9DCKkZHmfnUphtlI60ye7T$kI0Ew1itFc0QWFIEVagD+EYPF/ujvjRgdfucukNDvMY=", "last_login": "2021-07-22T11:20:22.065Z", "is_superuser": true, "username": "MikeGer", "first_name": "", "last_name": "", "email": "mr.mikeger@mail.ru", "is_staff": true, "is_active": true, "date_joined": "2021-06-16T10:41:30Z", "avatar": "users_avatars/Острая_вершина_заснеженной_горы.jpg", "age": 45, "activation_key": "", "activation_key_created": "2021-06-17T18:06:31.004Z", "groups": [], "user_permissions": []}}, {"model": "authapp.shopuser", "pk": 11, "fields": {"password": "pbkdf2_sha256$260000$Z1y6ownXZCMLlUMNQp1kiS$1eQWrqep3DqAlkkmMYpE2jvtvLJN5rLVMY3HHpceV1k=", "last_login": "2021-06-17T17:11:59.253Z", "is_superuser": false, "username": "Kostyn", "first_name": "Константин", "last_name": "", "email": "kostyan89@mail.ru", "is_staff": false, "is_active": true, "date_joined": "2021-06-17T14:08:45.479Z", "avatar": "", "age": 90, "activation_key": "", "activation_key_created": "2021-06-17T18:06:31.004Z", "groups": [], "user_permissions": []}}, {"model": "authapp.shopuser", "pk": 12, "fields": {"password": "pbkdf2_sha256$260000$r4aoF0OtgMNFwOESSH9vVK$z6eZpDJi2HHuLIf6vZ3Sd4uXoGnwznoEQcqVM0DedEE=", "last_login": null, "is_superuser": false, "username": "Virus", "first_name": "Kasper", "last_name": "", "email": "VirusKasper@mail.ru", "is_staff": false, "is_active": false, "date_joined": "2021-06-17T14:23:20.593Z", "avatar": "", "age": 20, "activation_key": "", "activation_key_created": "2021-06-17T18:06:31.004Z", "groups": [], "user_permissions": []}}, {"model": "authapp.shopuser", "pk": 13, "fields": {"password": "pbkdf2_sha256$260000$3L9qrvViW8MlgFk0odYqU3$aWpv4eQo5Osb8WSY5IIXCiGEljMLci6Khg3fnKdTVrE=", "last_login": null, "is_superuser": false, "username": "Dimager", "first_name": "Dima", "last_name": "", "email": "dimager@gmail.com", "is_staff": false, "is_active": false, "date_joined": "2021-06-17T14:29:31.638Z", "avatar": "", "age": 22, "activation_key": "", "activation_key_created": "2021-06-17T18:06:31.004Z", "groups": [], "user_permissions": []}}, {"model": "authapp.shopuser", "pk": 14, "fields": {"password": "pbkdf2_sha256$260000$McVdw2MlgQwwt0T0yirxHw$iMl5UUsf+j7Gbj0VrXyjvxyPvkvGftcLya5peEMkUtQ=", "last_login": null, "is_superuser": false, "username": "Mansur", "first_name": "Mansur", "last_name": "", "email": "mansur@mail.ru", "is_staff": false, "is_active": false, "date_joined": "2021-06-17T14:44:12.614Z", "avatar": "", "age": 90, "activation_key": "", "activation_key_created": "2021-06-17T18:06:31.004Z", "groups": [], "user_permissions": []}}, {"model": "authapp.shopuser", "pk": 15, "fields": {"password": "pbkdf2_sha256$260000$GrsGitulQn3BlTQZGOX4d0$hF3B6ofbT1a7XQAhT2m12zGjerVUXE0PzgeHJKqbkFQ=", "last_login": null, "is_superuser": false, "username": "mr.mikeger", "first_name": "Майк", "last_name": "", "email": "mr.mikeger@mail.ru", "is_staff": false, "is_active": true, "date_joined": "2021-06-17T14:48:33.265Z", "avatar": "", "age": 45, "activation_key": "", "activation_key_created": "2021-06-17T18:06:31.004Z", "groups": [], "user_permissions": []}}, {"model": "authapp.shopuser", "pk": 16, "fields": {"password": "pbkdf2_sha256$260000$Gna4UZqMTUbJfTPbuU1fDe$BR8iBSbcdTmxMDd4CFzsJetxYZssXZbeqd0MeV2WauQ=", "last_login": "2021-06-17T16:47:22.718Z", "is_superuser": false, "username": "Maxim", "first_name": "Максим", "last_name": "", "email": "maxim@gmail.com", "is_staff": false, "is_active": true, "date_joined": "2021-06-17T15:54:12.575Z", "avatar": "", "age": 43, "activation_key": "", "activation_key_created": "2021-06-17T18:06:31.004Z", "groups": [], "user_permissions": []}}, {"model": "authapp.shopuser", "pk": 17, "fields": {"password": "pbkdf2_sha256$260000$uCi61VoRVaeE1iah3vMQf4$Q0nvbcbFXxFxIaFkRZanRrxHQR/nkx4V9xUR0QT64f0=", "last_login": "2021-06-17T17:09:08.452Z", "is_superuser": false, "username": "Vitek", "first_name": "Виктор", "last_name": "", "email": "vitek@mail.ru", "is_staff": false, "is_active": false, "date_joined": "2021-06-17T16:40:35.634Z", "avatar": "", "age": 25, "activation_key": "", "activation_key_created": "2021-06-17T18:06:31.004Z", "groups": [], "user_permissions": []}}, {"model": "authapp.shopuser", "pk": 18, "fields": {"password": "pbkdf2_sha256$260000$KTrWgZB4B8cxeAfu4lV0i4$+ACIr2CKuuLA94cHC3HZd62wVuHkDHR86H5dFek7r9k=", "last_login": null, "is_superuser": false, "username": "master", "first_name": "master", "last_name": "", "email": "master@gmail.com", "is_staff": false, "is_active": false, "date_joined": "2021-06-17T17:34:31.742Z", "avatar": "", "age": 30, "activation_key": "", "activation_key_created": "2021-06-17T18:06:31.004Z", "groups": [], "user_permissions": []}}, {"model": "authapp.shopuser", "pk": 19, "fields": {"password": "pbkdf2_sha256$260000$oKK8epDfr2IOSRY6usGw5S$VU1LlE3bgl1um1g0hF+WruVluXOUSRWHMNEHEULbxuw=", "last_login": "2021-06-17T18:12:23.472Z", "is_superuser": false, "username": "masterman", "first_name": "masterman", "last_name": "", "email": "masterman@mail.ru", "is_staff": false, "is_active": true, "date_joined": "2021-06-17T18:11:40.955Z", "avatar": "", "age": 35, "activation_key": "", "activation_key_created": null, "groups": [], "user_permissions": []}}, {"model": "authapp.shopuser", "pk": 20, "fields": {"password": "!IzSCI0YWfZ9fyBqS9d8d7ido2K3zmCejUwXNNAc5", "last_login": "2021-07-22T11:19:55.120Z", "is_superuser": false, "username": "id44606768", "first_name": "Михаил", "last_name": "Герасимов", "email": "mikeman@inbox.ru", "is_staff": false, "is_active": true, "date_joined": "2021-06-21T12:51:15Z", "avatar": "https://sun3.43222.userapi.com/s/v1/if1/NBqTsdCcp2GUeS6sx5PRqkLelqMQ4C6zHH-3t1iVh6Te6zlJU46dJ0pYPmt35Ysgg3C-oiuC.jpg?size=200x0&quality=96&crop=517,501,927,927&ava=1", "age": 46, "activation_key": "", "activation_key_created": "2021-06-21T12:51:15.725Z", "groups": [], "user_permissions": []}}, {"model": "authapp.shopuserprofile", "pk": 1, "fields": {"user": 1, "tagline": "", "about_me": "", "gender": ""}}, {"model": "authapp.shopuserprofile", "pk": 2, "fields": {"user": 2, "tagline": "", "about_me": "", "gender": ""}}, {"model": "authapp.shopuserprofile", "pk": 3, "fields": {"user": 3, "tagline": "", "about_me": "", "gender": ""}}, {"model": "authapp.shopuserprofile", "pk": 4, "fields": {"user": 4, "tagline": "", "about_me": "", "gender": ""}}, {"model": "authapp.shopuserprofile", "pk": 5, "fields": {"user": 5, "tagline": "", "about_me": "", "gender": ""}}, {"model": "authapp.shopuserprofile", "pk": 6, "fields": {"user": 6, "tagline": "", "about_me": "", "gender": ""}}, {"model": "authapp.shopuserprofile", "pk": 7, "fields": {"user": 7, "tagline": "", "about_me": "", "gender": ""}}, {"model": "authapp.shopuserprofile", "pk": 8, "fields": {"user": 8, "tagline": "", "about_me": "", "gender": "М"}}, {"model": "authapp.shopuserprofile", "pk": 9, "fields": {"user": 9, "tagline": "", "about_me": "", "gender": ""}}, {"model": "authapp.shopuserprofile", "pk": 10, "fields": {"user": 10, "tagline": "", "about_me": "", "gender": ""}}, {"model": "authapp.shopuserprofile", "pk": 11, "fields": {"user": 11, "tagline": "", "about_me": "", "gender": ""}}, {"model": "authapp.shopuserprofile", "pk": 12, "fields": {"user": 12, "tagline": "", "about_me": "", "gender": ""}}, {"model": "authapp.shopuserprofile", "pk": 13, "fields": {"user": 13, "tagline": "", "about_me": "", "gender": ""}}, {"model": "authapp.shopuserprofile", "pk": 14, "fields": {"user": 14, "tagline": "", "about_me": "", "gender": ""}}, {"model": "authapp.shopuserprofile", "pk": 15, "fields": {"user": 15, "tagline": "", "about_me": "", "gender": ""}}, {"model": "authapp.shopuserprofile", "pk": 16, "fields": {"user": 16, "tagline": "", "about_me": "", "gender": ""}}, {"model": "authapp.shopuserprofile", "pk": 17, "fields": {"user": 17, "tagline": "", "about_me": "", "gender": ""}}, {"model": "authapp.shopuserprofile", "pk": 18, "fields": {"user": 18, "tagline": "", "about_me": "", "gender": ""}}, {"model": "authapp.shopuserprofile", "pk": 19, "fields": {"user": 19, "tagline": "", "about_me": "", "gender": ""}}, {"model": "authapp.shopuserprofile", "pk": 20, "fields": {"user": 20, "tagline": "админ", "about_me": "Я - это просто, я!", "gender": "М"}}, {"model": "basketapp.basket", "pk": 6, "fields": {"user": 1, "product": 1, "quantity": 6, "add_datetime": "2017-10-18T12:58:10.438Z"}}, {"model": "basketapp.basket", "pk": 7, "fields": {"user": 1, "product": 16, "quantity": 6, "add_datetime": "2017-10-19T14:17:37.137Z"}}, {"model": "basketapp.basket", "pk": 11, "fields": {"user": 1, "product": 14, "quantity": 1, "add_datetime": "2017-10-21T06:09:05.198Z"}}, {"model": "basketapp.basket", "pk": 12, "fields": {"user": 2, "product": 15, "quantity": 1, "add_datetime": "2017-10-21T09:36:11.312Z"}}, {"model": "basketapp.basket", "pk": 13, "fields": {"user": 1, "product": 13, "quantity": 1, "add_datetime": "2017-12-25T17:07:57.722Z"}}, {"model": "basketapp.basket", "pk": 49, "fields": {"user": 10, "product": 2, "quantity": 1, "add_datetime": "2021-07-21T19:12:46.776Z"}}, {"model": "basketapp.basket", "pk": 50, "fields": {"user": 10, "product": 10, "quantity": 1, "add_datetime": "2021-07-21T19:12:58.257Z"}}, {"model": "basketapp.basket", "pk": 51, "fields": {"user": 8, "product": 21, "quantity": 1, "add_datetime": "2021-07-21T19:41:13.952Z"}}, {"model": "basketapp.basket", "pk": 52, "fields": {"user": 8, "product": 2, "quantity": 1, "add_datetime": "2021-07-21T19:42:04.330Z"}}, {"model": "social_django.usersocialauth", "pk": 1, "fields": {"user": 20, "provider": "vk-oauth2", "uid": "44606768", "extra_data": "{\"auth_time\": 1626952795, \"id\": 44606768, \"expires\": 86400, \"access_token\": \"c047a1a38e6d6745adf5541db14681c6235c486781c5dedcd95a16b2cb0e30c5e43ea5ffcb222ec05acba\", \"token_type\": null}", "created": "2021-06-21T12:51:15.729Z", "modified": "2021-07-22T11:19:55.103Z"}}, {"model": "ordersapp.order", "pk": 1, "fields": {"user": 8, "created": "2021-06-30T10:14:08.263Z", "update": "2021-07-01T11:25:31.503Z", "is_active": false, "status": "FM"}}, {"model": "ordersapp.order", "pk": 2, "fields": {"user": 8, "created": "2021-07-01T10:22:38.192Z", "update": "2021-07-01T12:59:54.355Z", "is_active": false, "status": "FM"}}, {"model": "ordersapp.order", "pk": 3, "fields": {"user": 8, "created": "2021-07-01T11:28:06.842Z", "update": "2021-07-21T16:42:42.425Z", "is_active": true, "status": "PD"}}, {"model": "ordersapp.order", "pk": 4, "fields": {"user": 10, "created": "2021-07-01T14:16:30.822Z", "update": "2021-07-16T11:34:04.492Z", "is_active": true, "status": "STP"}}, {"model": "ordersapp.order", "pk": 5, "fields": {"user": 10, "created": "2021-07-01T14:34:20.885Z", "update": "2021-07-01T14:34:32.366Z", "is_active": false, "status": "FM"}}, {"model": "ordersapp.order", "pk": 6, "fields": {"user": 8, "created": "2021-07-01T14:45:40.423Z", "update": "2021-07-06T19:25:52.035Z", "is_active": true, "status": "PD"}}, {"model": "ordersapp.order", "pk": 7, "fields": {"user": 8, "created": "2021-07-06T08:42:38.152Z", "update": "2021-07-08T11:34:45.693Z", "is_active": true, "status": "PD"}}, {"model": "ordersapp.order", "pk": 8, "fields": {"user": 8, "created": "2021-07-07T15:36:14.686Z", "update": "2021-07-21T16:37:56.931Z", "is_active": true, "status": "PD"}}, {"model": "ordersapp.order", "pk": 9, "fields": {"user": 10, "created": "2021-07-14T14:35:01.005Z", "update": "2021-07-20T10:09:07.767Z", "is_active": true, "status": "PD"}}, {"model": "ordersapp.order", "pk": 10, "fields": {"user": 10, "created": "2021-07-16T13:26:53.894Z", "update": "2021-07-20T14:25:12.183Z", "is_active": true, "status": "FM"}}, {"model": "ordersapp.order", "pk": 11, "fields": {"user": 20, "created": "2021-07-20T08:48:15.613Z", "update": "2021-07-20T09:39:41.152Z", "is_active": true, "status": "PD"}}, {"model": "ordersapp.orderitem", "pk": 1, "fields": {"order": 1, "product": 11, "quantity": 1}}, {"model": "ordersapp.orderitem", "pk": 2, "fields": {"order": 2, "product": 10, "quantity": 1}}, {"model": "ordersapp.orderitem", "pk": 3, "fields": {"order": 2, "product": 3, "quantity": 1}}, {"model": "ordersapp.orderitem", "pk": 6, "fields": {"order": 3, "product": 9, "quantity": 1}}, {"model": "ordersapp.orderitem", "pk": 7, "fields": {"order": 3, "product": 1, "quantity": 1}}, {"model": "ordersapp.orderitem", "pk": 8, "fields": {"order": 3, "product": 14, "quantity": 1}}, {"model": "ordersapp.orderitem", "pk": 9, "fields": {"order": 3, "product": 18, "quantity": 2}}, {"model": "ordersapp.orderitem", "pk": 10, "fields": {"order": 4, "product": 10, "quantity": 1}}, {"model": "ordersapp.orderitem", "pk": 12, "fields": {"order": 4, "product": 13, "quantity": 2}}, {"model": "ordersapp.orderitem", "pk": 13, "fields": {"order": 5, "product": 10, "quantity": 1}}, {"model": "ordersapp.orderitem", "pk": 14, "fields": {"order": 5, "product": 1, "quantity": 1}}, {"model": "ordersapp.orderitem", "pk": 15, "fields": {"order": 5, "product": 13, "quantity": 2}}, {"model": "ordersapp.orderitem", "pk": 16, "fields": {"order": 6, "product": 5, "quantity": 3}}, {"model": "ordersapp.orderitem", "pk": 17, "fields": {"order": 6, "product": 8, "quantity": 2}}, {"model": "ordersapp.orderitem", "pk": 18, "fields": {"order": 6, "product": 6, "quantity": 2}}, {"model": "ordersapp.orderitem", "pk": 19, "fields": {"order": 7, "product": 10, "quantity": 1}}, {"model": "ordersapp.orderitem", "pk": 20, "fields": {"order": 7, "product": 14, "quantity": 1}}, {"model": "ordersapp.orderitem", "pk": 21, "fields": {"order": 8, "product": 1, "quantity": 1}}, {"model": "ordersapp.orderitem", "pk": 22, "fields": {"order": 9, "product": 4, "quantity": 1}}, {"model": "ordersapp.orderitem", "pk": 23, "fields": {"order": 9, "product": 2, "quantity": 1}}, {"model": "ordersapp.orderitem", "pk": 24, "fields": {"order": 9, "product": 10, "quantity": 1}}, {"model": "ordersapp.orderitem", "pk": 25, "fields": {"order": 9, "product": 11, "quantity": 3}}, {"model": "ordersapp.orderitem", "pk": 26, "fields": {"order": 9, "product": 15, "quantity": 1}}, {"model": "ordersapp.orderitem", "pk": 27, "fields": {"order": 9, "product": 13, "quantity": 1}}, {"model": "ordersapp.orderitem", "pk": 28, "fields": {"order": 9, "product": 16, "quantity": 2}}, {"model": "ordersapp.orderitem", "pk": 29, "fields": {"order": 10, "product": 9, "quantity": 1}}, {"model": "ordersapp.orderitem", "pk": 30, "fields": {"order": 10, "product": 2, "quantity": 1}}, {"model": "ordersapp.orderitem", "pk": 31, "fields": {"order": 10, "product": 3, "quantity": 1}}, {"model": "ordersapp.orderitem", "pk": 33, "fields": {"order": 10, "product": 5, "quantity": 1}}, {"model": "ordersapp.orderitem", "pk": 34, "fields": {"order": 10, "product": 21, "quantity": 1}}, {"model": "ordersapp.orderitem", "pk": 35, "fields": {"order": 10, "product": 8, "quantity": 1}}, {"model": "ordersapp.orderitem", "pk": 36, "fields": {"order": 10, "product": 10, "quantity": 1}}, {"model": "ordersapp.orderitem", "pk": 39, "fields": {"order": 11, "product": 19, "quantity": 1}}, {"model": "ordersapp.orderitem", "pk": 40, "fields": {"order": 11, "product": 1, "quantity": 1}}, {"model": "ordersapp.orderitem", "pk": 41, "fields": {"order": 11, "product": 14, "quantity": 1}}]